      警告：已去描边但找不到原始档，只能就地调整 Alpha，之后无法还原	      WARNING: patched but no original archive found - only Alpha can be adjusted in place, restoring later will be impossible
      顺手清理本脚本存档：释放 {0} KB	      also cleaned this tool's archive: freed {0} KB
      已有同内容原始档，跳过存档 -> {0}	      identical original archive already exists, skipping archive -> {0}
      原始档已存档 -> {0}	      original archived -> {0}
   …还有 	   ...and 
   孤儿：	    orphan: 
  "note": "R=0,G=0；B 保留；A 按 alpha 设置"	  "note": "R=0,G=0；B 保留；A 按 alpha 设置"
  [提示] 	  [note] 
  [异常] 	  [ISSUE] 
  ·  顶点色方案（R=描边遮罩  G=描边厚度  B=皮肤遮罩不改  A=头发厚度）	  ·  vertex-color method (R=outline mask  G=outline thickness  B=skin mask untouched  A=hair thickness)
  已处理 	  processed 
 个 —— 「<= 当前基准」那份就是打补丁前的内容	 restore point(s) - the one marked "<= current base" is the pre-patch content
 个 Color.buf，正在读取状态…	 Color.buf file(s), reading state...
 个（-PurgeOrphans 清理）：	 orphan(s) (-PurgeOrphans to clean):
 个）	)
 个，点「清理孤儿存档」可全部清理	 more; use "Clean orphan backups" to remove them all
 个存档	 archive(s)
 个存档 + 清单	 archive(s) + manifest(s)
 下没找到 Color.buf（也读不到 [ResourceColorBuffer]）	: no Color.buf found here (and no [ResourceColorBuffer] either)
 项	 check(s)
\r\n说明它画的是**游戏原版网格**，所以它自己的顶点色根本不会被加载 —— 清 R/G 不会有任何效果，工具会跳过它。	\r\nThat means it draws the game's own mesh, so its vertex colors are never loaded - zeroing R/G has no effect at all, and the tool skips it.
\r\n游戏里看到的描边是原版模型的描边，要处理得靠 shader 级的去描边 mod。	\r\nThe outline you see in game is the vanilla mesh's outline; removing it needs a shader-level mod.
\r\n这个 mod 里还有 Wuwa Mod Fixer 的备份，也能作为还原点使用。	\r\nThis mod also has Wuwa Mod Fixer backups, which can be used as restore points.
\r\n注意：找不到原始档，还原不了（可能是备份被删了）。	\r\nNote: no original archive found, cannot restore (the backup may have been deleted).
（大文件未统计，可勾选「大文件也精确统计顶点数」）	(not counted for large files; tick "Count vertices exactly for large files")
（演练）	 (dry run)
（演练，不写盘）	 (dry run, nothing written)
（约 	(approx. 
[演练] {0}（顶点 {1}；基准 {2}；Alpha={3}）	[dry run] {0} (vertices {1}; base {2}; Alpha={3})
[演练] 将删除 	[dry run] would delete 
[演练] 将用 {0} 还原 {1}	[dry run] would restore {1} from {0}
] 还原点 	] restore point(s): 
] 没有可用还原点：它的原始数据没有被留档过。	] has no restore points: its original data was never archived.
] 没有可用还原点：这个 mod 还没有被本工具留档过（原版 mod，或者原始档被删了）。	] has no restore points: this mod was never archived by this tool (vanilla mod, or its archive was deleted).
{0}孤儿存档 {1} 个，{2}	{0} {1} orphan archive(s), {2}
【演练】	[DRY RUN] 
<= 当前基准	<= current base
A=255（另一种，一般不用）	A=255 (alternative, rarely needed)
Alpha=0 应用到 A 通道	Alpha=0 applied to the A channel
B/A 逐字节保留	B/A preserved byte-for-byte
Fixer 备份	Fixer backup
mod 的 ini 没声明 Color.buf，顶点色方案对它无效（会在游戏里保留原版描边）	the mod's ini does not declare Color.buf, so the vertex-color method does nothing for it (its vanilla outline stays)
mod 的 ini 没声明 Color.buf，改动不会有任何效果（建议还原掉，避免误以为生效）	the mod's ini does not declare Color.buf, so changes have no effect (restore it so you don't think it worked)
MOD 目录	Mods folder
mod 文件夹名，就是 mod manager 里显示的那个名字	Mod name as shown in the mod manager
R/G 全零(本就无描边)	R/G all zero (no outline anyway)
R/G 已清零	R/G zeroed
Wuwa Mod Fixer 在这个 mod 里留下的 .BAK 数量（本工具只读引用，永不修改）	Number of .BAK files Wuwa Mod Fixer left in this mod (read-only; this tool never modifies them)
把表格里选中的行，还原成列表里选中的那个版本	Restore the row selected in the table to the version selected in the list
把这个范围内所有文件，还原成「本工具改动之前」的状态（最新那份原始档）	Restore every file in range to how it was before this tool touched it (newest archive)
版本	Version
保持不动（推荐先这样）	Leave as is (recommended)
备份 / 回滚	Backup / Restore
备份 / 回滚页：查看可还原的版本、还原、体检、清理	Backup / Restore: view versions, restore, verify, clean up
备份就在每个 mod 自己的 Meshes 里：.nooutline.json（清单）+ Color.buf.orig.<哈希>.bak（原始文件），重命名 / 挪位置都不会丢	Backups live inside each mod's own Meshes folder: .nooutline.json (manifest) + Color.buf.orig.<hash>.bak (original file), so renaming or moving the mod keeps them
本工具存档	This tool's archive
本工具在这个 mod 里占用的备份空间。点「清理本工具存档」可释放（之后就不能还原了）	Backup space this tool occupies in the mod. "Delete my backups & manifest" frees it (after which you can no longer restore)
本就无描边	no outline anyway
表格：每一行是一个 mod 的 Color.buf。\r\n悬浮在「状态」格上会用人话解释这一行的现状。\r\n双击某一行可直接跳到「备份 / 回滚」页看它的还原点。	Table: one row per Color.buf of a mod.\r\nHover the "State" cell for a plain-language explanation.\r\nDouble-click a row to jump to its restore points.
查看选中 mod 的还原点	Show restore points of the selected mod
出错：	ERROR: 
初始状态=原版(未记录)（实际 	initial state = Original (not recorded) (actual 
打完后状态=已去描边（实际 	state after patch = Outline removed (actual 
大文件也精确统计顶点数（慢）	Count vertices exactly for large files (slow)
大小	Size
带描边	Outlined
带描边顶点	Outlined verts
当前文件(=已记录原版)	current file (= recorded original)
当前文件（无原始档，仅调整 Alpha）	current file (no archive; Alpha only)
当前文件(新版原版)	current file (new original)
顶点数	Vertices
顶点数：	Vertices: 
读取失败：	read failed: 
对范围内所有文件执行去描边。\r\n已经处理过的会自动跳过（不会重复备份、不会叠加修改）。\r\n处理前会自动在各自的 mod 文件夹里留一份原始档。	Remove the outline on every file in range.\r\nAlready-processed files are skipped automatically (no duplicate archives, no stacking).\r\nAn original archive is saved inside each mod folder first.
发现 	Found 
发现 1 个 Color.buf（实际 	Found 1 Color.buf (actual 
改 Alpha 后 B 仍保留	B still preserved after changing Alpha
给皮肤 mod 去掉角色卡通描边  ·  原始数据自动留档，可随时还原  ·  改完回游戏按 F10 重载	Remove the cel-shading outline from skin mods  ·  originals archived automatically, restorable anytime  ·  press F10 in game to reload
更新后还原 = 新版内容	restore after update = new content
更新后重打：B/A 按新版本保留（不再用旧档覆盖）	re-patch after update: B/A follow the new version (the old archive no longer overwrites it)
共 {0} 个  ·  异常 {1}  ·  提示 {2}  ·  {3:0.0}s	{0} total  ·  {1} issues  ·  {2} notes  ·  {3:0.0}s
共 {0} 个 Color.buf；孤儿存档 {1} 个。	{0} Color.buf total; {1} orphan archive(s).
勾上后，只对表格里选中的那些行操作，其它文件一律不碰。\r\n适合先拿一两个角色试水。	When ticked, only the rows selected in the table are processed; nothing else is touched.\r\nGood for trying one or two characters first.
孤儿存档 	orphan archive(s) 
还没处理过。点「开始去描边」会清掉描边，并自动在这个 mod 里留一份原始档。	Not processed yet. "Remove outline" clears it and archives the original inside this mod automatically.
还没有扫描结果\r\n\r\n点右上角「扫描」列出所有皮肤 mod，然后点「开始去描边」	No scan results yet\r\n\r\nClick "Scan" at the top right to list every skin mod, then "Remove outline".
还原到指定版本：{0} —— 用 {1}（{2}）{3}	Restore to a specific version: {0} - using {1} ({2}) {3}
还原点(	restore point (
还原点跟着 mod 文件夹走：重命名、挪位置之后依然认得。	Restore points travel with the mod folder: still recognised after renaming or moving.
还原点列表：每一行是一份可以还原回去的原始文件。\r\n· 版本 mine:xxxx = 本工具存档；legacy = 旧版备份；fixer:… = Wuwa Mod Fixer 的 .BAK\r\n· 标了「当前基准」的那份，就是本工具「打补丁前」的状态\r\n选中一行后点「选中行 → 还原到选中版本」，就会用它覆盖当前文件。	Restore points: one row per original file you can go back to.\r\n· mine:xxxx = this tool's archive; legacy = old script backup; fixer:... = Wuwa Mod Fixer .BAK\r\n· the row marked "current base" is this tool's pre-patch state\r\nSelect a row, then "Selected row -> restore to selected version" overwrites the file with it.
还原后清单已删除	manifest removed after restore
还原后与原始文件逐字节一致	byte-identical to the original after restore
还原失败：找不到还原点「	restore failed: no restore point "
还原中…	Restoring...
旧版备份	Legacy backup
开始还原：{0} 个文件，选择={1}{2}	Restoring: {0} file(s), selector={1}{2}
开始去描边	Remove outline
开始去描边：{0} 个文件，Alpha={1}{2}	Removing outline: {0} file(s), Alpha={1}{2}
开始扫描：	Scanning: 
可还原回去的原始文件来源：mine = 本工具存档，legacy = 旧版备份，fixer = Wuwa Mod Fixer 的 .BAK	Where restorable originals come from: mine = this tool's archive, legacy = old backup, fixer = Wuwa Mod Fixer .BAK
空顶点色	Empty vertex color
空顶点色(无需处理)	Empty vertex color (nothing to do)
来源	Source
列出表格里选中那个 mod 的所有可还原版本	List every restorable version of the mod selected in the table
浏览…	Browse...
绿=已去描边；灰=原版未处理；橙=需注意（内容被改过 / 本来就没有描边数据 / mod 没使用顶点色）	green = outline removed; grey = untouched original; orange = needs attention (changed externally / no outline data anyway / mod does not use vertex color)
没读到选中的版本，请重新选一次。	Could not read the selected version, please select it again.
没有孤儿存档。	No orphan archives.
没有孤儿存档：本工具产物都能对上各自的 Color.buf。	No orphan archives: everything this tool created matches a Color.buf.
没有选中任何行。	No rows selected.
鸣潮 去描边工具	WuWa Outline Remover
鸣潮 去描边工具  ·  	WuWa Outline Remover  ·  
鸣潮 去描边工具 v	WuWa Outline Remover v
默认只统计小文件的「带描边顶点数」，大文件那一列显示 -（为了快）。\r\n需要精确数字时勾上，代价是扫描慢一些。	By default only small files get an exact "outlined vertices" count; large files show "-" (for speed).\r\nTick this when you need exact numbers - scanning gets slower.
目录不存在。	Folder does not exist.
目录不存在：	Folder does not exist: 
内容被外部改过（会以新内容为基准重打）	content changed externally (will re-patch using the new content as base)
内容不认识(有原始档)	Unknown content (archive present)
内容和已记录的原始档一致 —— 也就是说：目前是原版状态（已还原或从未改动）。	Content matches the recorded original - i.e. it is currently in its original state (restored, or never modified).
能识别孤儿存档/清单（	recognises orphan archives/manifests (
皮肤	Skin
皮肤 / mod	Skin / mod
清单在、存档不在	manifest present, archive missing
清空	Clear
清空下面的日志面板（磁盘上的 WuwaOutlineTool.log 不受影响）	Clear the log panel below (the WuwaOutlineTool.log file on disk is untouched)
清理「对应 mod 已经被删除或替换」后剩下的零碎备份与清单。不会碰 Wuwa Mod Fixer 的 .BAK。	Remove leftovers (backups and manifests) whose mod has been deleted or replaced. Wuwa Mod Fixer .BAK files are never touched.
清理孤儿存档…	Cleaning orphan archives...
清理后无孤儿	no orphans after cleaning
清理无主备份（mod 已删）	Clean orphan backups (mod deleted)
清理中…	Cleaning...
请先扫描。	Please scan first.
请先选中要还原的 mod。	Select the mod you want to restore first.
请先在「去描边」页选中一个 mod（或双击某一行）。	Select a mod on the "Remove outline" tab first (or double-click a row).
请先在「去描边」页选中一个 mod（或双击它跳到本页）。	Select a mod on the "Remove outline" tab first (or double-click it to jump here).
去掉头发描边（A=0）	Also remove hair outline (A=0)
去描边	Outline removal
去描边页：扫描、查看状态、执行去描边	Outline removal: scan, inspect state, apply
去描边中…	Removing outline...
全部 → 还原成打补丁前	All → restore to pre-patch
全部 → 还原到最早版本	All → restore to earliest version
扫描	Scan
扫描出错：	scan failed: 
扫描结果的统计：总数 / 异常 / 提示 / 耗时	Scan summary: total / issues / notes / elapsed
扫描完成：{0} 个 Color.buf，异常 {1}，提示 {2}，耗时 {3:0.0} 秒。	Scan complete: {0} Color.buf, {1} issues, {2} notes, took {3:0.0}s.
扫描中…	Scanning...
删除失败：	delete failed: 
删除我的备份与清单	Delete my backups & manifest
删掉本工具在这个 mod 里留下的备份和清单，释放空间。\r\n注意：删掉之后就再也还原不回去了。不会碰 Wuwa Mod Fixer 的 .BAK。	Delete the backups and manifest this tool left in the mod, freeing space.\r\nNote: after this you can no longer restore. Wuwa Mod Fixer .BAK files are never touched.
身体的描边去掉了、头发还留一圈 → 选第二项再来一次	body is clean but the hair still has a rim → pick the 2nd option and run again
生成了哈希存档	content-hash archive created
生成了清单	manifest created
时间	Time
刷新列表失败：	refresh failed: 
说明	Note
提示	notes
体检（只读）	Verify (read-only)
体检出错：	verify failed: 
体检完成：{0} 个 Color.buf —— 无问题 {1}；提示 {2}；异常 {3}	Verify complete: {0} Color.buf - clean {1}; notes {2}; issues {3}
体检完成：{0} 个 Color.buf —— 无问题 {1}；提示 {2}；异常 {3}；孤儿存档 {4}	Verify complete: {0} Color.buf - clean {1}; notes {2}; issues {3}; orphan archives {4}
体检中…	Verifying...
跳过 -> {0}（mod 的 ini 没有声明 Color.buf，它画的是游戏原版网格，顶点色方案对它无效）	skip -> {0} (the mod's ini does not declare Color.buf; it draws the game's own mesh, so the vertex-color method does nothing for it)
跳过：mod 未使用顶点色，改了无效	skipped: mod does not use vertex color, no effect
头发描边怎么处理	Hair outline
头发那圈描边怎么处理：\r\n· 保持不动（默认）：只清 R/G，A 通道原样保留\r\n· 去掉头发描边（A=0）：身体干净了但头发还有一圈时用这个\r\n· A=255：另一种取值，上面两个效果都不对时再试	How to handle the hair outline:\r\n· Leave as is (default): only R/G are cleared, the A channel is untouched\r\n· Remove hair outline (A=0): use this when the body is clean but the hair still has a rim\r\n· A=255: another value, try it if neither of the above looks right
退回到最早的那份备份。注意：可能比 Wuwa Mod Fixer 修复之前还旧，一般不要用，除非你明确想要那个更旧的状态。	Go back to the earliest backup. Note: this may be older than a Wuwa Mod Fixer repair - generally avoid it unless you really want that older state.
完成：本次改动 {0} 个文件。	Done: {0} file(s) changed this run.
完成：改动 {0} 个，跳过 {1} 个。回游戏按 F10 重载 WWMI。	Done: {0} changed, {1} skipped. Press F10 in game to reload WWMI.
未使用顶点色(改了无效)	Vertex color unused (no effect)
文件	File
我的备份	My backup
无	none
无法还原（找不到还原点「{0}」）：{1}	Cannot restore (no such restore point "{0}"): {1}
无可清理项	nothing to clean
无描边数据且无来源记录（若为角色本体则记录已丢失，无法还原）	no outline data and no source record (if this is a character body the record is lost, so it cannot be restored)
无需处理(本就无描边)	nothing to do (no outline anyway)
无需处理(空顶点色)	nothing to do (empty vertex color)
无原始档	no archive
先在上面选中一个 mod（或双击它），这里会列出它全部可还原的版本	Select a mod above (or double-click it) and every restorable version is listed here
选择要处理的 mod 目录	Choose the Mods folder to process
选择要处理的 mod 目录（可指到某一组，也可指到整个 Mods）	Choose the Mods folder to process (a single group, or the whole Mods tree)
选中行 → 还原到选中版本	Selected row → restore to selected version
演练：	Dry run: 
演练：将还原到 	Dry run: would restore to 
演练：将清理 	Dry run: would clean 
演练：将去描边(Alpha=	Dry run: would remove outline (Alpha=
演练：只显示结果，不改文件	Dry run: show results only, change nothing
演练模式：只把「会做什么」打印到下面的日志里，不写任何文件。\r\n想先看清楚会改哪些 mod 就勾这个。	Dry-run mode: prints only what would happen into the log below and writes nothing.\r\nTick it to preview which mods would change.
演练中…	Dry run...
要处理的目录。可以指到某一组（如 _MANAGED_\\group_6，就只处理这一组），\r\n也可以指到整个 Mods（所有组、含停用的都会处理）。\r\n工具会把该目录下所有层级的子文件夹翻一遍，找每个 mod 的 Meshes\\Color.buf。	Folder to process. Point it at one group (e.g. _MANAGED_\\group_6) to process only that group,\r\nor at the whole Mods tree to process everything (all groups, including disabled mods).\r\nThe tool walks every level of subfolders looking for each mod's Meshes\\Color.buf.
已还原	Restored
已还原 -> {0}（还原点 {1}）	Restored -> {0} (restore point {1})
已还原(	restored (
已经列出这个 mod 的还原点，请在下面的列表里选一个版本，再点这个按钮。	This mod's restore points are listed - pick a version in the list below, then click this button again.
已经去描边了。原始数据保存在这个 mod 的「我的备份」里，随时可以还原。	Outline already removed. The original data is kept in this mod's "My backup" and can be restored at any time.
已清理	Cleaned
已清理 	Cleaned 
已清理本脚本存档：{0} 个，释放 {1} KB（Fixer 的 .BAK 未动）	Cleaned this tool's archive: {0} file(s), freed {1} KB (Fixer .BAK untouched)
已去描边	Outline removed
已去描边 -> {0}（顶点 {1}；基准 {2}；Alpha={3}）	Outline removed -> {0} (vertices {1}; base {2}; Alpha={3})
已去描边(Alpha=	Outline removed (Alpha=
已去描边(无原始档)	Outline removed (no archive)
已删除 	Deleted 
已是最新，跳过	Already up to date, skipped
异常为 0：所有记录都对得上，还原链完整。	0 issues: every record matches and the restore chain is complete.
用法见 --help	See --help for usage
有Fixer	Fixer
有存档、无清单（半状态，仍可还原）	archive present, manifest missing (half state, still restorable)
与 Wuwa Mod Fixer 的 .BAK 备份互通（只读使用）。改完回游戏按 F10 重载 WWMI。	Interoperates with Wuwa Mod Fixer .BAK backups (read-only). Press F10 in game to reload WWMI after changes.
原版(未记录)	Original (not recorded)
原版(有Fixer备份)	Original (has Fixer backup)
原版未改	Original, unmodified
原本带着描边数据的顶点数：	Vertices that originally carried outline data: 
原本有多少个顶点带着描边数据。0 = 本来就没有描边，无需处理	How many vertices originally carried outline data. 0 = no outline to begin with, nothing to do
原理：描边的粗细写在模型自己的顶点色里（R=描边遮罩，G=描边粗细）。\r\n本工具只把这两个通道清零，不认角色、不依赖 shader hash，所以出新角色或游戏大版本更新都不用改。\r\n只对装了皮肤 mod 的角色生效；纯原版角色要靠 shader 层的去边 mod。	How it works: outline thickness lives in the mesh's own vertex colors (R=outline mask, G=outline thickness).\r\nThis tool only zeroes those two channels - it does not care which character it is and does not rely on shader hashes, so new characters and game updates need no changes.\r\nOnly affects characters that have a skin mod; pure vanilla characters need a shader-level mod.
原始档	Archive
原始档丢失，无法还原	original archive lost, cannot restore
运行日志。同样会写入本工具目录下的 WuwaOutlineTool.log	Run log. Also written to WuwaOutlineTool.log next to this tool
在 	In 
这份模型本来就没有描边数据（多半是武器 / 发饰 / 特效网格），工具会跳过它，不做任何改动。	This mesh has no outline data to begin with (usually a weapon / accessory / effect mesh), so the tool skips it and changes nothing.
这份文件打补丁时用的头发处理参数；- 表示还没处理过	Hair setting used when this file was patched; - means it has never been processed
这个 mod 的 ini 里没有声明自己的 Color.buf（只声明了贴图，没有 ib= / vb0..vb4= 这类顶点缓冲绑定）。	This mod's ini does not declare its own Color.buf (it only declares textures, with no ib= / vb0..vb4= vertex-buffer bindings).
这个模型有多少个顶点（Color.buf 字节数 ÷ 4）	How many vertices this mesh has (Color.buf bytes ÷ 4)
这个文件被外部改动过（作者更新了 mod，或别的工具改过）。再点「开始去描边」会以现在的内容为新基准重打，并另存一份新的原始档。	This file was changed externally (the mod author updated it, or another tool touched it). Clicking "Remove outline" again re-patches using the current content as the new base and stores a new original archive.
只处理表格里选中的行	Only process rows selected in the table
只读检查：记录是否完整、原始档有没有丢、有没有无主备份。不改任何文件。	Read-only check: are records complete, is any archive missing, are there orphan backups. Changes nothing.
只读取，不改任何文件。\r\n列出目录下所有皮肤 mod 的当前状态、顶点数、备份情况。	Read-only; changes nothing.\r\nLists every skin mod's current state, vertex count and backup status.
重复运行幂等跳过	re-running is idempotent (skipped)
重命名后还原点仍在（状态随文件夹走）	restore points survive a rename (state follows the folder)
重命名后仍能发现	still found after rename
注意：还原点是单个 mod 的，本次只还原表格里第一条选中的 mod。要整组还原请用「全部 → 还原成打补丁前」。	Note: restore points belong to a single mod, so only the first selected row is restored. To restore a whole group use "All → restore to pre-patch".
状态	State
作者更新后状态=内容不认识(有原始档)（实际 	after author update state = Unknown content (archive present) (actual 
）	)
：	: 
；	; 
」	"
点『浏览…』选你的 Mods 目录	Click Browse... to pick your Mods folder
还没选 MOD 目录：点上面的『浏览…』选一下（一般是 XXMI 目录下的 Mods 文件夹）	No Mods folder selected yet - click Browse... above (usually the Mods folder inside your XXMI install)
界面语言已切换为：	Language switched to: 
